Başlık,Kaynak,Tarih
Kıbrıs'tan izlenimler: Rumlar Türklere ve adanın geleceğine nasıl bakıyor?,BBC Türkçe,2025-11-13 08:47:09
Savcılığın 'İmamoğlu liderliğindeki örgütün' yöneticisi olmakla suçladığı altı kişi kim?,BBC Türkçe,2025-11-13 08:47:09
'Deprem fırtınası': Balıkesir Sındırgı'da neden bu kadar sık deprem oluyor?,BBC Türkçe,2025-11-13 08:47:09
Türkiye ve Avustralya karşı karşıya geldi: COP31'e ev sahipliği için müzakerelerde son durum ne?,BBC Türkçe,2025-11-13 08:47:09
"'Altın kan': En nadir kan grubu 'Rh null' neden bu kadar değerli, laboratuvarda üretilebilir mi?",BBC Türkçe,2025-11-13 08:47:09
İBB iddianamesi: Başsavcılığın CHP hakkında Yargıtay'a bildirimde bulunması ne anlama geliyor?,BBC Türkçe,2025-11-13 08:47:09
"İBB iddianamesine İmamoğlu'dan ilk tepki: 'Duruşmayı canlı yayınlayın, herkes iftiralarınızı görsün'",BBC Türkçe,2025-11-13 08:47:09
"'Örgüt, eylemler, sistem': İBB iddianamesinde Ekrem İmamoğlu'na hangi suçlamalar yöneltiliyor?",BBC Türkçe,2025-11-13 08:47:09
İstanbul Cumhuriyet Başsavcısı Akın Gürlek kimdir?,BBC Türkçe,2025-11-13 08:47:09
Gürcistan'da düşen uçaktaki 20 askerin naaşları Türkiye'ye getirilecek,BBC Türkçe,2025-11-13 08:47:09
Irak seçimleri: Başbakan Sudani'nin lideri olduğu koalisyon birinci oldu,BBC Türkçe,2025-11-13 08:47:09
Yeni e-postalar: Epstein'a göre Trump kurbanlarından biriyle 'saatler geçirdi',BBC Türkçe,2025-11-13 08:47:09
ABD tarihindeki en uzun 'hükümet kapanması' sona erdi,BBC Türkçe,2025-11-13 08:47:09
"İtalya'da, Bosna Savaşı'nda 'keskin nişancı turizmi' iddiasına soruştuma",BBC Türkçe,2025-11-13 08:47:09
"ABD, menopozda hormon tedavisine karşı uyarıları kaldırıyor:  HRT nedir?",BBC Türkçe,2025-11-13 08:47:09
Stresli olduğumuzda neden daha fazla yeriz?,BBC Türkçe,2025-11-13 08:47:09
C-130 kargo uçakları hakkında neler biliniyor?,BBC Türkçe,2025-11-13 08:47:09
Vagus siniri: Beyin ve diğer organlar arasında iletişim kuran sinir nasıl rahatlatılır?,BBC Türkçe,2025-11-13 08:47:09
Kalori saymadan nasıl zayıflanır?,BBC Türkçe,2025-11-13 08:47:09
Bahis soruşturması: Necip Uysal ve Ersin Destanoğlu hakkındaki tedbir kaldırıldı,BBC Türkçe,2025-11-13 08:47:09
Kocaeli'de altı kişinin öldüğü yangın: Yedi kişi tutuklandı,BBC Türkçe,2025-11-13 08:47:09
TOKİ'nin 500 bin sosyal konut projesi hakkında merak edilenler,BBC Türkçe,2025-11-13 08:47:09
İBB iddianamesi: İmamoğlu hakkında 2430 yıla kadar hapis isteniyor,BBC Türkçe,2025-11-13 08:47:09
Trump-Şara görüşmesi: Suriye IŞİD karşıtı koalisyona katılıyor,BBC Türkçe,2025-11-13 08:47:09
Eski Fransa Cumhurbaşkanı Sarkozy şartlı serbest bırakıldı,BBC Türkçe,2025-11-13 08:47:09
İslamcı militandan Beyaz Saray ziyaretine: Suriye lideri Şara'nın dönüşümü,BBC Türkçe,2025-11-13 08:47:09
'Alevi oldukları için öldürüldüler': Esad sonrası Suriye'de azınlıklar korkuyor,BBC Türkçe,2025-11-13 08:47:09
Altın fiyatları neden yeniden yükselişte?,BBC Türkçe,2025-11-13 08:47:09
Tesla hissedarları Elon Musk'a bir trilyon dolarlık maaş paketini onayladı,BBC Türkçe,2025-11-13 08:47:09
"Yuvarlak yataklar, erotik tablolar kalktı: Brezilya'nın seks motelleri COP30'a hazırlanıyor",BBC Türkçe,2025-11-13 08:47:09
Trump yönetimi gıda yardımlarını ödemek için acil durum fonunu kullanacak,BBC Türkçe,2025-11-13 08:47:09
Testosteron seviyenizi yükseltmeye gerçekten ihtiyacınız var mı?,BBC Türkçe,2025-11-13 08:47:09
Gizli şeker: Testimizi çözerek gerçek şeker tüketiminizin farkına varın,BBC Türkçe,2025-11-13 08:47:09
Baş ağrısına karşı dört öneri,BBC Türkçe,2025-11-13 08:47:09
İngiltere'de bilim insanları doğumda beyin hasarını tespit edebilecek başlık geliştirdi,BBC Türkçe,2025-11-13 08:47:09
Frankenstein: 'Ölmeyen canavar'ı yaratan 18 yaşındaki kadın,BBC Türkçe,2025-11-13 08:47:09
"Manifest grubu üyelerinin imza zorunluluğu kaldırıldı, yurt dışı yasağı sürüyor",BBC Türkçe,2025-11-13 08:47:09
'Tüp bebek tedavisindeki hata nedeniyle 15 kardeşim var',BBC Türkçe,2025-11-13 08:47:09
"Türkiye'de kadın girişimci olmak: Zorluklar, fırsatlar, başarı öyküleri",BBC Türkçe,2025-11-13 08:47:09
Dünyayı bekleyen tehlike: Amazon nasıl yavaş yavaş ölüyor?,BBC Türkçe,2025-11-13 08:47:09
Neden yabancı bir dilde sesimiz daha farklı çıkar?,BBC Türkçe,2025-11-13 08:47:09
Kablosuz kulaklıklar ne kadar güvenli?,BBC Türkçe,2025-11-13 08:47:09
Diş minesini onaran yeni jel: Çürüklerin sonu mu geliyor?,BBC Türkçe,2025-11-13 08:47:09
Dünyanın en zengin insanı Elon Musk parasını neye harcıyor?,BBC Türkçe,2025-11-13 08:47:09
Yaşlandığınızda size bir robotun bakmasını ister misiniz?,BBC Türkçe,2025-11-13 08:47:09
NASA'dan Kim Kardashian'a komplo teorisi yanıtı: 'Ay'a defalarca gittik',BBC Türkçe,2025-11-13 08:47:09
Çok sayıda internet sitesi ve uygulamaya erişimi durduran Microsoft sorunu giderildi,BBC Türkçe,2025-11-13 08:47:09
Hakem Zorbay Küçük hakkındaki idari tedbir kaldırıldı,BBC Türkçe,2025-11-13 08:47:09
Futbolda bahis soruşturması: Eyüpspor kulüp başkanı ve altı hakem tutuklandı,BBC Türkçe,2025-11-13 08:47:09
"Fenerbahçe, Plzen deplasmanından beraberlikle döndü",BBC Türkçe,2025-11-13 08:47:09
"Galatasaray'ın Şampiyonlar Ligi zaferi Hollanda medyasında: 'Osimhen, Ajax'ı bataklığa daha da itti'",BBC Türkçe,2025-11-13 08:47:09
On yılda çekilen yaban hayat fotoğrafı,BBC Türkçe,2025-11-13 08:47:09
Yaban hayatının en iyi fotoğrafları,BBC Türkçe,2025-11-13 08:47:09
Fotoğraflarla Perseid Meteor Yağmuru,BBC Türkçe,2025-11-13 08:47:09
Fotoğraflarla Türkiye'de 19 Mayıs kutlamaları,BBC Türkçe,2025-11-13 08:47:09
